Unnamed: 0,YearsExperience,Salary
4,2.3000000000000003,39892.0
15,5.0,67939.0
23,8.299999999999999,113813.0
9,3.8,57190.0
20,6.9,91739.0
8,3.3000000000000003,64446.0
19,6.1,93941.0
0,1.2000000000000002,39344.0
10,4.0,63219.0
28,10.4,122392.0
29,10.6,121873.0
25,9.1,105583.0
13,4.199999999999999,57082.0
5,3.0,56643.0
26,9.6,116970.0
16,5.199999999999999,66030.0
12,4.1,56958.0
24,8.799999999999999,109432.0
3,2.1,43526.0
2,1.6,37732.0
17,5.4,83089.0
6,3.1,60151.0
27,9.7,112636.0
11,4.1,55795.0
